Afghanistan,fr/conseils-aux-voyageurs/conseils-par-pays-destination/afghanistan/
Afrique du Sud,fr/conseils-aux-voyageurs/conseils-par-pays-destination/afrique-du-sud/
Albanie,fr/conseils-aux-voyageurs/conseils-par-pays-destination/albanie/
Algérie,fr/conseils-aux-voyageurs/conseils-par-pays-destination/algerie/
Allemagne,fr/conseils-aux-voyageurs/conseils-par-pays-destination/allemagne/
Andorre,fr/conseils-aux-voyageurs/conseils-par-pays-destination/andorre/
Angola,fr/conseils-aux-voyageurs/conseils-par-pays-destination/angola/
Antarctique,fr/conseils-aux-voyageurs/conseils-par-pays-destination/antarctique/
Antigua-et-Barbuda,fr/conseils-aux-voyageurs/conseils-par-pays-destination/antigua-et-barbuda/
Arabie Saoudite,fr/conseils-aux-voyageurs/conseils-par-pays-destination/arabie-saoudite/
Argentine,fr/conseils-aux-voyageurs/conseils-par-pays-destination/argentine/
Arménie,fr/conseils-aux-voyageurs/conseils-par-pays-destination/armenie/
Australie,fr/conseils-aux-voyageurs/conseils-par-pays-destination/australie/
Autriche,fr/conseils-aux-voyageurs/conseils-par-pays-destination/autriche/
Azerbaïdjan,fr/conseils-aux-voyageurs/conseils-par-pays-destination/azerbaidjan/
Bahamas,fr/conseils-aux-voyageurs/conseils-par-pays-destination/bahamas/
Bahreïn,fr/conseils-aux-voyageurs/conseils-par-pays-destination/bahrein/
Bangladesh,fr/conseils-aux-voyageurs/conseils-par-pays-destination/bangladesh/
Barbade,fr/conseils-aux-voyageurs/conseils-par-pays-destination/barbade/
Belgique,fr/conseils-aux-voyageurs/conseils-par-pays-destination/belgique/
Belize,fr/conseils-aux-voyageurs/conseils-par-pays-destination/belize/
Bénin,fr/conseils-aux-voyageurs/conseils-par-pays-destination/benin/
Bhoutan,fr/conseils-aux-voyageurs/conseils-par-pays-destination/bhoutan/
Biélorussie,fr/conseils-aux-voyageurs/conseils-par-pays-destination/bielorussie/
Birmanie,fr/conseils-aux-voyageurs/conseils-par-pays-destination/birmanie/
Bolivie,fr/conseils-aux-voyageurs/conseils-par-pays-destination/bolivie/
Bosnie-Herzégovine,fr/conseils-aux-voyageurs/conseils-par-pays-destination/bosnie-herzegovine/
Botswana,fr/conseils-aux-voyageurs/conseils-par-pays-destination/botswana/
Brésil,fr/conseils-aux-voyageurs/conseils-par-pays-destination/bresil/
Brunei,fr/conseils-aux-voyageurs/conseils-par-pays-destination/brunei/
Bulgarie,fr/conseils-aux-voyageurs/conseils-par-pays-destination/bulgarie/
Burkina Faso,fr/conseils-aux-voyageurs/conseils-par-pays-destination/burkina-faso/
Burundi,fr/conseils-aux-voyageurs/conseils-par-pays-destination/burundi/
Cambodge,fr/conseils-aux-voyageurs/conseils-par-pays-destination/cambodge/
Cameroun,fr/conseils-aux-voyageurs/conseils-par-pays-destination/cameroun/
Canada (Québec compris) ,fr/conseils-aux-voyageurs/conseils-par-pays-destination/canada-quebec-compris/
Cap-Vert,fr/conseils-aux-voyageurs/conseils-par-pays-destination/cap-vert/
Chili,fr/conseils-aux-voyageurs/conseils-par-pays-destination/conseils-aux-voyageurs-conseils-par-pays-chili/
Chine,fr/conseils-aux-voyageurs/conseils-par-pays-destination/chine/
Chypre,fr/conseils-aux-voyageurs/conseils-par-pays-destination/chypre/
Colombie,fr/conseils-aux-voyageurs/conseils-par-pays-destination/colombie/
Comores,fr/conseils-aux-voyageurs/conseils-par-pays-destination/comores/
Congo,fr/conseils-aux-voyageurs/conseils-par-pays-destination/congo/
Corée du Nord,fr/conseils-aux-voyageurs/conseils-par-pays-destination/coree-du-nord/
Corée du Sud,fr/conseils-aux-voyageurs/conseils-par-pays-destination/coree-du-sud/
Costa Rica,fr/conseils-aux-voyageurs/conseils-par-pays-destination/costa-rica/
Côte d'Ivoire,fr/conseils-aux-voyageurs/conseils-par-pays-destination/cote-d-ivoire/
Croatie,fr/conseils-aux-voyageurs/conseils-par-pays-destination/croatie/
Cuba,fr/conseils-aux-voyageurs/conseils-par-pays-destination/cuba/
Danemark,fr/conseils-aux-voyageurs/conseils-par-pays-destination/danemark/
Djibouti,fr/conseils-aux-voyageurs/conseils-par-pays-destination/djibouti/
Dominique,fr/conseils-aux-voyageurs/conseils-par-pays-destination/dominique/
Egypte,fr/conseils-aux-voyageurs/conseils-par-pays-destination/egypte/
Emirats arabes unis,fr/conseils-aux-voyageurs/conseils-par-pays-destination/emirats-arabes-unis/
Equateur,fr/conseils-aux-voyageurs/conseils-par-pays-destination/equateur/
Erythrée,fr/conseils-aux-voyageurs/conseils-par-pays-destination/erythree/
Espagne,fr/conseils-aux-voyageurs/conseils-par-pays-destination/espagne/
Estonie,fr/conseils-aux-voyageurs/conseils-par-pays-destination/estonie/
Etats-Unis,fr/conseils-aux-voyageurs/conseils-par-pays-destination/etats-unis/
Ethiopie,fr/conseils-aux-voyageurs/conseils-par-pays-destination/ethiopie/
Finlande,fr/conseils-aux-voyageurs/conseils-par-pays-destination/finlande/
Gabon,fr/conseils-aux-voyageurs/conseils-par-pays-destination/gabon/
Gambie,fr/conseils-aux-voyageurs/conseils-par-pays-destination/gambie/
Géorgie,fr/conseils-aux-voyageurs/conseils-par-pays-destination/georgie/
Ghana,fr/conseils-aux-voyageurs/conseils-par-pays-destination/ghana/
Grèce,fr/conseils-aux-voyageurs/conseils-par-pays-destination/grece/
Grenade,fr/conseils-aux-voyageurs/conseils-par-pays-destination/grenade/
Guatémala,fr/conseils-aux-voyageurs/conseils-par-pays-destination/guatemala/
Guinée,fr/conseils-aux-voyageurs/conseils-par-pays-destination/guinee/
Guinée équatoriale,fr/conseils-aux-voyageurs/conseils-par-pays-destination/guinee-equatoriale/
Guinée-Bissao,fr/conseils-aux-voyageurs/conseils-par-pays-destination/guinee-bissao/
Guyana,fr/conseils-aux-voyageurs/conseils-par-pays-destination/guyana/
Haïti,fr/conseils-aux-voyageurs/conseils-par-pays-destination/haiti/
Honduras,fr/conseils-aux-voyageurs/conseils-par-pays-destination/honduras/
Hong Kong,fr/conseils-aux-voyageurs/conseils-par-pays-destination/hong-kong/
Hongrie,fr/conseils-aux-voyageurs/conseils-par-pays-destination/hongrie/
Iles Cook,fr/conseils-aux-voyageurs/conseils-par-pays-destination/iles-cook/
Iles Fidji,fr/conseils-aux-voyageurs/conseils-par-pays-destination/iles-fidji/
Iles Salomon,fr/conseils-aux-voyageurs/conseils-par-pays-destination/iles-salomon/
Inde,fr/conseils-aux-voyageurs/conseils-par-pays-destination/inde/
Indonésie,fr/conseils-aux-voyageurs/conseils-par-pays-destination/indonesie/
Irak,fr/conseils-aux-voyageurs/conseils-par-pays-destination/irak/
Iran,fr/conseils-aux-voyageurs/conseils-par-pays-destination/iran/
Irlande,fr/conseils-aux-voyageurs/conseils-par-pays-destination/irlande/
Islande,fr/conseils-aux-voyageurs/conseils-par-pays-destination/islande/
Israël/Territoires palestiniens,fr/conseils-aux-voyageurs/conseils-par-pays-destination/israel-territoires-palestiniens/
Italie,fr/conseils-aux-voyageurs/conseils-par-pays-destination/italie/
Jamaïque,fr/conseils-aux-voyageurs/conseils-par-pays-destination/jamaique/
Japon,fr/conseils-aux-voyageurs/conseils-par-pays-destination/japon/
Jordanie,fr/conseils-aux-voyageurs/conseils-par-pays-destination/jordanie/
Kazakhstan,fr/conseils-aux-voyageurs/conseils-par-pays-destination/kazakhstan/
Kenya,fr/conseils-aux-voyageurs/conseils-par-pays-destination/kenya/
Kirghizstan,fr/conseils-aux-voyageurs/conseils-par-pays-destination/kirghizstan/
Kosovo,fr/conseils-aux-voyageurs/conseils-par-pays-destination/kosovo/
Koweït,fr/conseils-aux-voyageurs/conseils-par-pays-destination/koweit/
Laos,fr/conseils-aux-voyageurs/conseils-par-pays-destination/laos/
Lesotho,fr/conseils-aux-voyageurs/conseils-par-pays-destination/lesotho/
Lettonie,fr/conseils-aux-voyageurs/conseils-par-pays-destination/lettonie/
Liban,fr/conseils-aux-voyageurs/conseils-par-pays-destination/liban/
Libéria,fr/conseils-aux-voyageurs/conseils-par-pays-destination/liberia/
Libye,fr/conseils-aux-voyageurs/conseils-par-pays-destination/libye/
Lituanie,fr/conseils-aux-voyageurs/conseils-par-pays-destination/lituanie/
Luxembourg,fr/conseils-aux-voyageurs/conseils-par-pays-destination/luxembourg/
Macao,fr/conseils-aux-voyageurs/conseils-par-pays-destination/macao/
Madagascar,fr/conseils-aux-voyageurs/conseils-par-pays-destination/madagascar/
Malaisie,fr/conseils-aux-voyageurs/conseils-par-pays-destination/malaisie/
Malawi,fr/conseils-aux-voyageurs/conseils-par-pays-destination/malawi/
Maldives,fr/conseils-aux-voyageurs/conseils-par-pays-destination/maldives/
Mali,fr/conseils-aux-voyageurs/conseils-par-pays-destination/mali/
Malte,fr/conseils-aux-voyageurs/conseils-par-pays-destination/malte/
Maroc,fr/conseils-aux-voyageurs/conseils-par-pays-destination/maroc/
Maurice,fr/conseils-aux-voyageurs/conseils-par-pays-destination/maurice/
Mauritanie,fr/conseils-aux-voyageurs/conseils-par-pays-destination/mauritanie/
Mexique,fr/conseils-aux-voyageurs/conseils-par-pays-destination/mexique/
Moldavie,fr/conseils-aux-voyageurs/conseils-par-pays-destination/moldavie/
Monaco,fr/conseils-aux-voyageurs/conseils-par-pays-destination/monaco/
Mongolie,fr/conseils-aux-voyageurs/conseils-par-pays-destination/mongolie/
Monténégro,fr/conseils-aux-voyageurs/conseils-par-pays-destination/montenegro/
Mozambique,fr/conseils-aux-voyageurs/conseils-par-pays-destination/mozambique/
Namibie,fr/conseils-aux-voyageurs/conseils-par-pays-destination/namibie/
Népal,fr/conseils-aux-voyageurs/conseils-par-pays-destination/nepal/
Nicaragua,fr/conseils-aux-voyageurs/conseils-par-pays-destination/nicaragua/
Niger,fr/conseils-aux-voyageurs/conseils-par-pays-destination/niger/
Nigéria,fr/conseils-aux-voyageurs/conseils-par-pays-destination/nigeria/
Norvège,fr/conseils-aux-voyageurs/conseils-par-pays-destination/norvege/
Nouvelle-Zélande,fr/conseils-aux-voyageurs/conseils-par-pays-destination/nouvelle-zelande/
Oman,fr/conseils-aux-voyageurs/conseils-par-pays-destination/oman/
Ouganda,fr/conseils-aux-voyageurs/conseils-par-pays-destination/ouganda/
Ouzbékistan,fr/conseils-aux-voyageurs/conseils-par-pays-destination/ouzbekistan/
Pakistan,fr/conseils-aux-voyageurs/conseils-par-pays-destination/pakistan/
Panama,fr/conseils-aux-voyageurs/conseils-par-pays-destination/panama/
Papouasie-Nouvelle-Guinée,fr/conseils-aux-voyageurs/conseils-par-pays-destination/papouasie-nouvelle-guinee/
Paraguay,fr/conseils-aux-voyageurs/conseils-par-pays-destination/paraguay/
Pays-Bas,fr/conseils-aux-voyageurs/conseils-par-pays-destination/pays-bas/
Pérou,fr/conseils-aux-voyageurs/conseils-par-pays-destination/perou/
Philippines,fr/conseils-aux-voyageurs/conseils-par-pays-destination/philippines/
Pologne,fr/conseils-aux-voyageurs/conseils-par-pays-destination/pologne/
Portugal,fr/conseils-aux-voyageurs/conseils-par-pays-destination/portugal/
Qatar,fr/conseils-aux-voyageurs/conseils-par-pays-destination/qatar/
République centrafricaine,fr/conseils-aux-voyageurs/conseils-par-pays-destination/republique-centrafricaine/
République de Macédoine du Nord,fr/conseils-aux-voyageurs/conseils-par-pays-destination/republique-de-macedoine-du-nord/
République démocratique du Congo,fr/conseils-aux-voyageurs/conseils-par-pays-destination/republique-democratique-du-congo/
République des Palaos,fr/conseils-aux-voyageurs/conseils-par-pays-destination/republique-des-palaos/
République Dominicaine,fr/conseils-aux-voyageurs/conseils-par-pays-destination/republique-dominicaine/
République Tchèque,fr/conseils-aux-voyageurs/conseils-par-pays-destination/republique-tcheque/
Roumanie,fr/conseils-aux-voyageurs/conseils-par-pays-destination/roumanie/
Royaume-Uni,fr/conseils-aux-voyageurs/conseils-par-pays-destination/royaume-uni/
Russie,fr/conseils-aux-voyageurs/conseils-par-pays-destination/russie/
Rwanda,fr/conseils-aux-voyageurs/conseils-par-pays-destination/rwanda/
Saint-Christophe-et-Niévès,fr/conseils-aux-voyageurs/conseils-par-pays-destination/saint-christophe-et-nieves/
Saint-Vincent-et-les-Grenadines,fr/conseils-aux-voyageurs/conseils-par-pays-destination/saint-vincent-et-les-grenadines/
Sainte-Hélène,fr/conseils-aux-voyageurs/conseils-par-pays-destination/sainte-helene/
Sainte-Lucie,fr/conseils-aux-voyageurs/conseils-par-pays-destination/sainte-lucie/
Salvador,fr/conseils-aux-voyageurs/conseils-par-pays-destination/salvador/
Samoa,fr/conseils-aux-voyageurs/conseils-par-pays-destination/samoa/
Sao Tomé-et-Principe,fr/conseils-aux-voyageurs/conseils-par-pays-destination/sao-tome-et-principe/
Sénégal,fr/conseils-aux-voyageurs/conseils-par-pays-destination/senegal/
Serbie,fr/conseils-aux-voyageurs/conseils-par-pays-destination/serbie/
Seychelles,fr/conseils-aux-voyageurs/conseils-par-pays-destination/seychelles/
Sierra Leone,fr/conseils-aux-voyageurs/conseils-par-pays-destination/sierra-leone/
Singapour,fr/conseils-aux-voyageurs/conseils-par-pays-destination/singapour/
Slovaquie,fr/conseils-aux-voyageurs/conseils-par-pays-destination/slovaquie/
Slovénie,fr/conseils-aux-voyageurs/conseils-par-pays-destination/slovenie/
Somalie,fr/conseils-aux-voyageurs/conseils-par-pays-destination/somalie/
Soudan,fr/conseils-aux-voyageurs/conseils-par-pays-destination/soudan/
Soudan du Sud,fr/conseils-aux-voyageurs/conseils-par-pays-destination/soudan-du-sud/
Sri Lanka,fr/conseils-aux-voyageurs/conseils-par-pays-destination/sri-lanka/
Suède,fr/conseils-aux-voyageurs/conseils-par-pays-destination/suede/
Suisse,fr/conseils-aux-voyageurs/conseils-par-pays-destination/suisse/
Suriname,fr/conseils-aux-voyageurs/conseils-par-pays-destination/suriname/
Swaziland,fr/conseils-aux-voyageurs/conseils-par-pays-destination/swaziland/
Syrie,fr/conseils-aux-voyageurs/conseils-par-pays-destination/syrie/
Tadjikistan,fr/conseils-aux-voyageurs/conseils-par-pays-destination/tadjikistan/
Taïwan,fr/conseils-aux-voyageurs/conseils-par-pays-destination/taiwan/
Tanzanie,fr/conseils-aux-voyageurs/conseils-par-pays-destination/tanzanie/
Tchad,fr/conseils-aux-voyageurs/conseils-par-pays-destination/tchad/
Thaïlande,fr/conseils-aux-voyageurs/conseils-par-pays-destination/thailande/
Timor-Est,fr/conseils-aux-voyageurs/conseils-par-pays-destination/timor-est/
Togo,fr/conseils-aux-voyageurs/conseils-par-pays-destination/togo/
Tonga,fr/conseils-aux-voyageurs/conseils-par-pays-destination/tonga/
Trinité et Tobago,fr/conseils-aux-voyageurs/conseils-par-pays-destination/trinite-et-tobago/
Tunisie,fr/conseils-aux-voyageurs/conseils-par-pays-destination/tunisie/
Turkmenistan,fr/conseils-aux-voyageurs/conseils-par-pays-destination/turkmenistan/
Turquie,fr/conseils-aux-voyageurs/conseils-par-pays-destination/turquie/
Ukraine,fr/conseils-aux-voyageurs/conseils-par-pays-destination/ukraine/
Uruguay,fr/conseils-aux-voyageurs/conseils-par-pays-destination/uruguay/
Vanuatu,fr/conseils-aux-voyageurs/conseils-par-pays-destination/vanuatu/
Vénézuéla,fr/conseils-aux-voyageurs/conseils-par-pays-destination/venezuela/
Vietnam,fr/conseils-aux-voyageurs/conseils-par-pays-destination/vietnam/
Yemen,fr/conseils-aux-voyageurs/conseils-par-pays-destination/yemen/
Zambie,fr/conseils-aux-voyageurs/conseils-par-pays-destination/zambie/
Zimbabwe,fr/conseils-aux-voyageurs/conseils-par-pays-destination/zimbabwe/
